<?xml version='1.0' encoding='UTF-8' standalone='yes' ?>
<PROJECT IID="1" BUILDPATH="C:/Users/PC/AppData/Local/Temp/VSM Studio/8294ccaeed4d4f93bc53ae353dffb524/ATMEGA328P_1" VERSION="830" TYPE="SOURCE" NAME="ATMEGA328P_1" CONFIGURATION="Debug">
 <FILES ATTACH="1">
  <FILE ATTACH="1" GROUP="Source Files" NAME="ATMEGA328P_1/main.c"/>
  <FILE ATTACH="1" GROUP="Source Files" NAME="ATMEGA328P_1/LCD16X2.c"/>
  <FILE ATTACH="1" GROUP="Header Files" NAME="ATMEGA328P_1/LCD16X2.h"/>
  <FILE ATTACH="1" GROUP="Firmware Files" NAME="ATMEGA328P_1/Debug/Debug.elf" FIRMWARE="1"/>
 </FILES>
 <CONFIGURATION CRC="821bfd0c65914edb0362d0fa1a03ef99" TARGET="Debug" COMPILER="WinAVR" NAME="Debug">
  <CONTROLLER FAMILY="AVR" TYPE="ATmega328P"/>
  <FILE TOOL="LD" NAME="ATMEGA328P_1/Debug/Debug.elf">
   <FILE TOOL="CC" NAME="ATMEGA328P_1/Debug/main.o">
    <FILE NAME="ATMEGA328P_1/main.c"/>
   </FILE>
   <FILE TOOL="CC" NAME="ATMEGA328P_1/Debug/LCD16X2.o">
    <FILE NAME="ATMEGA328P_1/LCD16X2.c"/>
   </FILE>
  </FILE>
  <FILE NAME="ATMEGA328P_1/LCD16X2.h"/>
  <OPTION DEFAULT="1" TOOL="LD" NAME="-mmcu=" VALUE="atmega328p"/>
  <OPTION DEFAULT="1" TOOL="CC" NAME="-W" VALUE="all"/>
  <OPTION DEFAULT="1" TOOL="CC" NAME="-g" VALUE="dwarf-2"/>
  <OPTION DEFAULT="1" TOOL="CC" NAME="-f" VALUE="signed-char"/>
  <OPTION DEFAULT="1" TOOL="CC" NAME="-MD"/>
  <OPTION DEFAULT="1" TOOL="CC" NAME="-MP"/>
  <OPTION DEFAULT="1" TOOL="CC" NAME="-D" VALUE="F_CPU=%CLOCK%"/>
  <OPTION DEFAULT="1" TOOL="CC" NAME="-O" VALUE="1"/>
  <OPTION DEFAULT="1" TOOL="CC" NAME="-mmcu=" VALUE="atmega328p"/>
 </CONFIGURATION>
 <CONFIGURATION CRC="821bfd0c65914edb0362d0fa1a03ef99" TARGET="Release" COMPILER="WinAVR" NAME="Release">
  <CONTROLLER FAMILY="AVR" TYPE="ATmega328P"/>
  <FILE TOOL="LD">
   <FILE TOOL="CC">
    <FILE NAME="ATMEGA328P_1/main.c"/>
   </FILE>
   <FILE TOOL="CC">
    <FILE NAME="ATMEGA328P_1/LCD16X2.c"/>
   </FILE>
  </FILE>
  <FILE NAME="ATMEGA328P_1/LCD16X2.h"/>
  <OPTION DEFAULT="1" TOOL="LD" NAME="-mmcu=" VALUE="atmega328p"/>
  <OPTION DEFAULT="1" TOOL="CC" NAME="-W" VALUE="all"/>
  <OPTION DEFAULT="1" TOOL="CC" NAME="-g" VALUE="dwarf-2"/>
  <OPTION DEFAULT="1" TOOL="CC" NAME="-f" VALUE="signed-char"/>
  <OPTION DEFAULT="1" TOOL="CC" NAME="-MD"/>
  <OPTION DEFAULT="1" TOOL="CC" NAME="-MP"/>
  <OPTION DEFAULT="1" TOOL="CC" NAME="-D" VALUE="F_CPU=%CLOCK%"/>
  <OPTION DEFAULT="1" TOOL="CC" NAME="-O" VALUE="s"/>
  <OPTION DEFAULT="1" TOOL="CC" NAME="-mmcu=" VALUE="atmega328p"/>
 </CONFIGURATION>
 <PROPERTY NAME="CLOCK" VALUE="1000000"/>
</PROJECT>
