<?xml version='1.0' encoding='UTF-8' standalone='yes' ?>
<PROJECT IID="3" BUILDPATH="C:/Users/PC/AppData/Local/Temp/VSM Studio/8294ccaeed4d4f93bc53ae353dffb524/RPI4_1" VERSION="830" TYPE="SOURCE" NAME="RPI4_1" CONFIGURATION="Debug">
 <FILES ATTACH="1">
  <FILE ATTACH="1" GROUP="Source Files" NAME="RASPBERRY PI 4_1/main.py"/>
  <FILE ATTACH="1" GROUP="Firmware Files" NAME="RPI4_1/Debug/Debug.pyz" FIRMWARE="1"/>
 </FILES>
 <CONFIGURATION CRC="e4557f296c87ed5fe70d88babe57a0bf" TARGET="Debug" COMPILER="Python 3 (Proteus)" NAME="Debug">
  <CONTROLLER FAMILY="Raspberry Pi" TYPE="RPI4"/>
  <FILE TOOL="MKPYTHON" NAME="RPI4_1/Debug/Debug.pyz">
   <FILE NAME="RASPBERRY PI 4_1/main.py"/>
  </FILE>
 </CONFIGURATION>
 <CONFIGURATION CRC="e4557f296c87ed5fe70d88babe57a0bf" TARGET="Release" COMPILER="Python 3 (Proteus)" NAME="Release">
  <CONTROLLER FAMILY="Raspberry Pi" TYPE="RPI4"/>
  <FILE TOOL="MKPYTHON">
   <FILE NAME="RASPBERRY PI 4_1/main.py"/>
  </FILE>
 </CONFIGURATION>
</PROJECT>
